,自信,confidence,zì xìn,
,未來感,futuristic,wèi lái gǎn,
,投资,invest,tóu zī,
,退休,retire,tuì xiū,
,让我大开眼界,It broadened my horizons,ràng wǒ dà kāi yǎn jiè,
,唯一一件事,the only thing,wéi yī yī jiàn shì,
,人行道,sidewalk,rén xíng dào,
,送货员,deliveryman,sòng huò yuán,
,伤心、难过,"Sadness, grief","shāngxīn, nánguò",
,为了生存,In order to survive,wèile shēngcún,
,要很有耐心,You need to be very patient.,yào hěn yǒu nàixīn,
,曼谷常塞车,Bangkok is often congested.,Màngǔ cháng sāichē,
,很塞的时候,When it's very congested,hěn sāi de shí hòu,
,不值得,Not worth it,bù zhí de,
,潮湿,damp,cháoshī,
,人行道,sidewalk,rén xíng dào,
,过马路,Crossing the road,guò mǎ lù,
,后座,Back seat,hòu zuò,
,安全帽,helmet,ānquánmào,
,乘客,passenger,chéngkè,
,想念,miss,xiǎngniàn,
,即使.....，还是....,"Even if..., still...","jíshǐ..., háishì...",即使上海更发达，可是我还是喜欢曼谷的混乱
,缅甸,Myanmar,Miǎndiàn,
,游客,tourists,yóu kè,
,二战,World War II,Èr zhàn,
,我心里想,I thought to myself,wǒ xīnlǐ xiǎng,
,混乱,confusion,hùnluàn,
,不敢,I dare not,bù gǎn,
,强壮 💪,Strong 💪,qiángzhuàng,
,冒险,"adventure, take a risk",mào xiǎn,
,网店,online store,wǎng diàn,
,肉麻,cheesy,ròu má,
,恶心,"nausea, disgusting",ě xīn,
,拥抱,Embrace,yōng bào,
,直播,live streaming,zhí bō,
,直播带货,Live streaming e-commerce,zhíbō dàihuò,
,短影音,short video,duǎn yǐng yīn,
,网红,Internet celebrities,wǎng hóng,
,明星,star,míngxīng,
,下单,Place an order,xià dān,
,打95折,5% off,dǎ jiǔwǔ zhé,
,优惠,discount,yōu huì,
,质量,quality,zhìliàng,
,流行语,popular phrases,liúxíngyǔ,
,出货、收货,Shipping and receiving,chū huò、shōu huò,
,退货,return the goods,tuìhuò,
,突然,Sudden,tū rán,
,平衡,balance,píng héng,
,有基础,With a foundation,yǒu jī chǔ,
,从头开始,Start from the beginning,cóng tóu kāi shǐ,
,手掌,palm,shǒuzhǎng,
,攀岩,rock climbing,pānyán,
,徒手攀岩,Free climbing,tú shǒu pān yán,
,技巧,"skill, technique",jì qiǎo,
,做好计划再爬上去,Make a plan before climbing.,zuò hǎo jìhuà zài pá shàng qù,
,计划好再爬上去,Plan before climbing up,jìhuà hǎo zài pá shàngqù,
,还有力气、没有力气,Still have strength? No strength?,hái yǒu lì qi、méi yǒu lì qi,
,活着,Living,huó zhe,
,疯子,madman,fēng zi,
,打破纪录,Breaking records,dǎ pò jì lù,
,伤心、难过,"Sadness, grief","shāngxīn, nánguò",
04/02,影响,Influence,yǐngxiǎng,
,地震、余震,"earthquake, aftershock","dìzhèn, yúzhèn",
,正好要出门,Just about to go out,zhèng hǎo yào chū mén,
,意义,significance,yì yì,
,困惑,confused,kùnhuò,
,楼梯,stairs,lóu tī,
,电梯,elevator,diàntī,
,火灾,fire,huǒzāi,
,大楼,Building,dàlóu,
,经历地震,Experienced an earthquake,jīng lì dì zhèn,
,遇到地震,Encountering an earthquake,yù dào dì zhèn,
,路上塞车了,Traffic jam on the road,lù shàng sāi chē le,
,连～也,Even ~,lián...yě,
,出租车师傅,Taxi driver,chūzūchē shīfu,
,倒了,It fell over,dǎo le,
,坚固,sturdy,jiāngù,
,惊讶,suprise good or bad,jīng yà,
,惊喜,good surprise,jīng xǐ,
,掉了,It fell,diào le,
,摇晃,shake,yáo huàng,
,预测,predict,yùcè,
,7.7级地震,7.7 magnitude earthquake,qī diǎn qī jí dì zhèn,
,日元、日币,"Japanese Yen, Japanese Currency","rìyuán, rìbì",
,韩元,won,Hán yuán,
,美金、美元,US dollars,"měijīn, měiyuán",
,泰铢,Thai baht,Tài zhū,
,涨价,Price increase,zhǎng jià,
,三文鱼,salmon,sān wén yú,
04/09,有礼貌,polite,yǒu lǐ mào,
,自恋、 自恋狂,"Narcissism, narcissism mania","zìliàn, zìliànkuáng",
,高、矮,height,gāo ǎi,
,长、短,length,cháng duǎn,
,不太会交际,Not good at socializing,bù tài huì jiāo jì,
,落伍了,Outdated,luò wǔ le,
,配音,Dubbing,pèi yīn,
,共享办公室,Shared office,gòng xiǎng bàn gōng shì,
,泼水节,Water Splashing Festival,pō shuǐ jié,
,水枪,water gun,shuǐ qiāng,
04/16,打电玩,Playing video games,dǎ diàn wán,
,睡着,fall asleep,shuì zháo,
,没做到,Did not do,méi zuò dào,
04/23,伤,hurt,shāng,我以前伤了我的背
,受伤,Injuried,shòu shāng,我的背受伤了
,伤得更严重了,The injury became more serious,shāng de gèng yán zhòng le,
,谐音,homophonic,xié yīn,
,服丧,mourning,fú sāng,
,扶桑花,Hibiscus,fú sāng huā,
,吉利,auspicious,jí lì,
,削皮,peel,xiāo pí,
,刮刮乐,Scratch-off lottery,guā guā lè,
,迷人的地方,Enchanting places,mí rén de dì fāng,
,又热又湿,Hot and humid,yòu rè yòu shī,
,太阳下山,The sun sets,tài yáng xià shān,
,优点,advantage,yōudiǎn,
,夹脚拖,flip-flops,jiā jiǎo tuō,
,保留,reserve,bǎo liú,
,太常换地方,Changing places too often,tài cháng huàn dì fāng,
,本来,originally,běn lái,
,必要,necessary,bì yào,
,雨季,rainy season,yǔjì,
04/30,uber摩托車,Uber motorcycles,uber mótuōchē,
,闯红灯,running a red light,chuǎng hóng dēng,
,撞,Collide,zhuàng,
,教练,coach,jiào liàn,
,换到,Switch to,huàn dào,
,取消会员,Cancel Membership,qǔxiāohuìyuán,
05/21,分手,separate,fēn shǒu,
,发现,Discover,fā xiàn,
,月底,End of month,yuè dǐ,
,庆祝晚宴,Celebration Dinner,qìng zhù wǎn yàn,
,旺季、淡季,"Peak season, off-season","wàngjì, dànjì",
,潜水,diving,qián shuǐ,
,平静,calm,píng jìng,
05/28,中毒,Poisoning,zhòng dú,
,羡慕,envious,xiànmù,
,嫉妒,jealous ,jí dù,more negative
,最后一步,The final step,zuì hòu yī bù,
,按喇叭,Honk the horn,àn lǎ ba,
,不长眼睛,Not having eyes,bù zhǎng yǎn jing,
06/18,单身,single,dān shēn,
,亲近,close,qīn jìn,
,跟平常一样,As usual,gēn píng cháng yī yàng,
,交友软件,Dating apps,jiāo yǒu ruǎn jiàn,
,攀岩,rock climbing,pānyán,
,搭讪,Pick up girls,dā shàn,
,说不定,maybe,shuō bu dìng,
07/02,唯一的蔬菜,The only vegetable,shū cài,
,我只吃肉,I only eat meat,wǒ zhǐ chī ròu,
,原因,reason,yuán yīn,
,难怪,No wonder,nán guài,
,计划,plan,jì huà,
,免签,Visa-free,miǎn qiān,
,保留,"reserve, keep (job)",bǎo liú,
,实际上,In fact,shí jì shàng,
,中国的现实生活,Real life in China,Zhōng guó de xiàn shí shēng huó,
,我们复合了,We got back together.,wǒ men fù hé le,
07/16,草原,grassland,cǎo yuán,
,晕车,motion sickness,yùn chē,
,陡,steep,dǒu,
,值得,worth,zhí de,
,山顶,Mountain Top,shān dǐng,
,沙漠,desert,shāmò,
,导游,tour guide,dǎo yóu,
,手机讯号,Cell phone signal,shǒu jī xùn hào,
,营地,camp,yíng dì,
,蒙古包,Mongolian yurt,měng gǔ bāo,
,日夜温差,Day and night temperature difference,rì yè wēn chā,
,腥味,gamey,xīng wèi,
,景点,attractions,jǐng diǎn,
,几乎没用手机,I hardly use my phone.,jī hū méi yòng shǒu jī,
,总是,always,zǒng shì,
,,#VALUE!,bǐ diàn,
,什么时候都、什么都、哪里都、谁都,"Whenever, whatever, everywhere, everyone",shén me shí hou dōu、shén me dōu、nǎ lǐ dōu、shéi dōu......,
,场子很干,The place is very dry,chǎng zi hěn gān,
,尴尬,Awkward,gān gà,
,加入话题,Join the topic,jiā rù huà tí,
,他还是有参与感,He still felt involved.,tā hái shì yǒu cān yù gǎn,
,注意到,Note,zhù yì dào,
,行为,Behavior,xíngwéi,
,手机成瘾,Smartphone addiction,shǒu jī chéng yǐn,
,上瘾,get addicted,shàng yǐn,
,首都,capital,shǒudū,
,恐慌,panic,kǒnghuāng,
,一离开就,As soon as I left,yī lí kāi jiù,
,发短信,Send text message,fā duǎn xìn,
08/13,潮湿,damp,cháoshī,
,租金,rent,zū jīn,
,看了很难过,It's very sad to see this.,kàn le hěn nán guò,
,避开,Avoid,bì kāi,
,躲避球,Dodgeball,duǒ bì qiú,
,人行道,sidewalk,rén xíng dào,
,经济实惠,Economical,jīng jì shí huì,
,堵车,Traffic jam,dǔ chē,
,流浪狗,stray dogs,liú làng gǒu,
,宠物狗,pet dog,chǒng wù gǒu,
,有气质,elegant,yǒu qì zhì,
,凶神恶煞,fierce and evil,xiōng shén è shà,
,言论自由,freedom of speech,yán lùn zì yóu,
,网路自由,Internet freedom,wǎng lù zì yóu,
,政府,government,zhèng fǔ,
,经济不景气,economic downturn,jīngjì bù jǐngqì,
,细节,detail,xì jié,
,研究员,researcher,yán jiū yuán,
,博士,PhD,bó shì,
,功能,Function,gōng néng,
09/02,发短信,Send text message,fā duǎn xìn,
,生意,Business,shēngyi,
,更新,renew,gēng xīn,
,发短信问问/看看他们有没有课,Send a text message to ask/see if they have classes.,fā duǎnxìn wènwen/kànkan tāmen yǒu méiyǒu kè,
,已读不回,Read but not replied,yǐ dú bù huí,
,两种,Two kinds,liǎng zhǒng,
,食物,food,shíwù,
,选择,choose,xuǎnzé,
,隐私,privacy,yǐn sī,
,灯泡,Light bulb,dēng pào,
,陪,accompany,péi,
,打扰,disturb,dǎ rǎo,
,缴税,Paying taxes,jiǎo shuì,
,十之八九,Eight or nine out of ten,shí zhī bā jiǔ,
09/09,中醫推拿,Traditional Chinese massage,zhōng yī tuī ná,
,讨厌,Hate,tǎo yàn,
,经验,experience,jīngyàn,
,针灸,Acupuncture,zhēn jiǔ,
,打针,inject,dǎ zhēn,
,打呼,snore,dǎhū,
,一般来说,Generally speaking,yībānláishuō,
,促进血液循环,Promote blood circulation,cùjìn xuèyè xúnhuán,
,流血了,Bleeding,liú xuè le,
,僵硬,stiff,jiāng yìng,
,心理健康,mental health,xīnlǐ jiànkāng,
,伸直,straighten,shēn zhí,
,科学（研究）,Science (Research),kē xué (yán jiū),
,证明,prove,zhèng míng,
,拔罐,Cupping,bá guàn,
,刮痧,Gua Sha,guā shā,
,滚轮,roller,gǔn lún,
,惊讶,surprise,jīng yà,
,观光景点,Tourist attractions,lǚ yóu jǐng diǎn,
,运动按摩的方法比较科学,Exercise massage is a more scientific method,yùndòng ànmó de fāngfǎ bǐjiào kēxué,
,足球员,football player,zú qiú yuán,
,年底,End of year,nián dǐ,
,年初,At the beginning of the year,nián chū,
,谷歌,Google,Gǔ gē,
,猜,Guess,cāi,
,延误、延迟,"Delay, postponement","yánwù, yánchí",
,转机,transit,zhuǎnjī,
,制造商,Manufacturer,zhì zào shāng,
,焦虑,anxious,jiāolǜ,
,乱流,Turbulence,luànliú,
,掉,Lose,diào,
,机长,captain,jī zhǎng,
,随便,casual,suíbiàn,
,起飞、降落,Takeoff and landing,qǐfēi、jiàngluò,
,焦虑已经改善了,The anxiety has improved.,jiāolǜ yǐjīng gǎishàn le,
,心理作用,Psychological effect,xīnlǐ zuòyòng,
,拐弯,Turn,guǎi wān,
,航空公司,airline,háng kōng gōng sī,
09/30,依赖,rely,yī lài,
,药效很强,The medicine is very effective,yào xiào hěn qiáng,
,治疗师,therapist,zhì liáo shī,
,满意,satisfy,mǎnyì,
,三分钟热度,Three-minute enthusiasm,sān fēn zhōng rè dù,
,特征,feature,tèzhēng,
,有创意，不能安定,"Creative, but restless","yǒu chuàng yì, bù néng ān dìng",
,专精～,Specialization,zhuān jīng,
,症状,symptom,zhèngzhuàng,
,过动症,ADHD,guò dòng zhèng,
,刺激,Stimulate,cì jī,
,脑子,brain,nǎo zi,
,头脑,brain,tóunǎo,
,停药,Stop medication,tíng yào,
,副作用,side effect,fù zuò yòng,
,戒断症状,Withdrawal symptoms,jiè duàn zhèng zhuàng,
,基本上,basically,jī běn shàng,
,动力,power,dònglì,
,上瘾了,Addicted,shàng yǐn le,
,药罐子,medicine pot,yào guàn zi,
,剂量,dose,jìliàng,
,专心,concentrate,zhuān xīn,
,冷静,calm,lěng jìng,
10/14,初学者,beginner,chū xué zhě,
,注意,Notice,zhù yì,
,批评、评论,"Criticism, Comments","pīpíng, pínglùn",
,嫖妓,prostitution,piáo jì,
,垃圾,Rubbish,lā jī,
,即使～，还～,"Even so, still","jíshǐ..., hái...",
,挡,block,dǎng,
10/21,厌世,Misanthropy,yàn shì,
,发音,pronounce,fā yīn,
,字幕,subtitle,zìmù,
,刹时间,In an instant,chà shí jiān,
,国王、王子,"King, Prince","guówáng, wángzǐ",
,茶泡饭,Tea-soaked rice,chá pào fàn,
,烧肉,Roasted pork,hóng shāo ròu,
,黏,sticky,nián,
,粒粒分明,Each grain distinct,lì lì fēn míng,
,试试看、试一试,Give it a try,shì shi kàn,
,试穿、试做、试吃,"Try on clothes, try on clothes, try on food",shì chuān、shì zuò、shì chī,
,尝试,try,chángshì,
,吃吃看、穿穿看、学学看,"Try eating it, try wearing it, try learning it.","chī chī kàn, chuān chuān kàn, xué xué kàn",
,僵硬,stiff,jiāng yìng,
,柔软,soft,róuruǎn,
,瑜伽,Yoga,yú jiā,
,延伸,extend,yánshēn,
,拉筋,Stretching,lā jīn,
,打泰拳,Muay Thai,dǎ tàiquán,
,初学者,beginner,chū xué zhě,
,机器,machine,jī qì,
,打扫,clean,dǎ sǎo,
,整理,tidy,zhěnglǐ,
,床单,sheet,chuángdān,
,乱,chaos,luàn,
,吸地板,Floor suction,xī dì bǎn,
,拖地板,mop floor,tuō dì bǎn,
11/04,六块肌,Six-pack abs,liù kuài jī,
,弱,weak,ruò,
,挫折,frustration,cuò zhé,
,关心,care,guān xīn,
,吵,noisy,chǎo,
,放松,Relax,fàng sōng,
,能量,energy,néng liàng,
,深度集中注意力,Deep concentration,shēn dù jí zhōng zhù yì lì,
,流血,bleed,liú xuè,
11/11,激烈,fierce,jīliè,
,试用期,Probation period,shì yòng qī,
,好奇,curious,hào qí,
,东南亚,Southeast Asia,dōng nán yà,
,教室,classroom,jiào shì,
,群组,Group,qún zǔ,
,资格,qualifications,zī gé,
,证书,Certificate,zhèng shū,
,假装,pretend,jiǎ zhuāng,
,技巧,technique,jì qiǎo,
11/18,堵车很多 路上很堵,There are a lot of traffic jams. The roads are very congested.,dǔ chē hěn duō lù shang hěn dǔ,
,通勤,commuting,tōng qín,
,时速,speed,shí sù,
,文化差异,Cultural differences,wén huà chā yì,
,心胸狭窄,Narrow-minded,xīn xiōng xiá zhǎi,
,语言,language,yǔyán,
,好客,hospitable,hǎokè,
,种族歧视,racism,zhǒngzú qíshì,
,以色列,Israel,Yǐsèliè,
,影响,Influence,yǐngxiǎng,
,自信,self-confidence,zì xìn,
11/25,空间,space,kōng jiān,
,空闲(的时间),Free time,kòng xián,
,深度,depth,shēndù,
,瞎忙,fuss,xiā máng,
,专心,concentrate,zhuānxīn,
,短信、电邮,"SMS, email","duǎnxìn, diànyóu",
,"处理问题,具体的计划","Problem solving, specific plans","chǔlǐ wèntí, jùtǐ de jìhuà",
,紧急,urgent,jǐnjí,
,坐立不安,restless,zuò lì bù ān,
,社交媒体,social media,shè jiāo méi tǐ,
,超过,Exceed,chāochū,
,耳机,earphone,ěr jī,
,抗噪,noise reduction,kàng zào,
,活在当下,Live in the moment,huó zài dāng xià,
,过度商业化,Over-commercialization,guò dù shāng yè huà,
,印尼,Indonesia,Yìn ní,
,好主意,Good idea,hǎo zhǔ yi,
,听起来不错,sounds good,tīng qǐ lái bù cuò,
12/02,空气清新机,air purifier,kōng qì qīng xīn jī,
,塑料,plastic,sù liào,
,香料,spices,xiāng liào,
,航空公司,airline,háng kōng gōng sī,
,政治,politics,zhèng zhì,
,复杂,complex,fù zá,
,焦虑,anxiety,jiāo lǜ,
12/09,协议,protocol,xié yì,
,处理情况,Handling status,chǔ lǐ qíng kuàng,
,武统（武力统一）,Unification by force (military unification),wǔ tǒng (wǔ lì tǒng yī),
,权力最大的国家,The most powerful country,quán lì zuì dà de guó jiā,
,强、弱,"strong, weak",qiáng ruò,
,欠钱,to owe money,qiàn qián,
,债,debt,zhài,
,吸引,attract,xī yǐn,
,支持,support,zhī chí,
,殖民,colonial,zhí mín,
,偷走,Steal,tōu zǒu,
,棋子,piece,qí zǐ,
,日常生活,Daily life,rì cháng shēng huó,
,炮弹、飞弹,"shells, missiles","pàodàn, fēidàn",
,八年以来,For eight years,bā nián yǐ lái,
,初学、初学者,Beginner,chū xué、chū xué zhě,
,坡,slope,pō,
,驾照,drving license,jià zhào,
,兴趣,interest,xìng qù,
,计划vs打算,Plan vs. Intent,jì huà vs dǎ suàn,
,压力,pressure,yā lì,
01/13,整形,Plastic Surgery,zhěng xíng,
,社会地位,social status,shè huì dì wèi,
,公立、私立,"public, private",gōng lì 、 sī lì,
,享受,enjoy,xiǎng shòu,
,让。。失望,Disappointment,ràng... shī wàng,
,律师,lawyer,lǜshī,
,人工智能,AI,rén gōng zhì néng,
,首都,capital,shǒudū,
,种族歧视,racism,zhǒngzú qíshì,
,背景,background,bèijǐng,
,解决办法,Solution,jiě jué bàn fǎ,
,打工度假签证,Working Holiday Visa,dǎ gōng dù jià qiān zhèng,
,福冈,Fukuoka,fú gāng,
02/24,用麦克风上课,Using a microphone to attend class,yòng mài kè fēng shàng kè,
,声音,sound,shēng yīn,
,压力大,High pressure,yā lì dà,
,够一个人住,Enough for one person to live in,gòu yī gè rén zhù,
,地点,Place,dì diǎn,
,房东,landlord,fáng dōng,
,受够了,fed up,shòu gòu le,
,公寓,apartment,gōngyù,
,同时,at the same time,tóng shí,
,技巧,Skill,jì qiǎo,
,才华,talent,cáihuá,
,韵律感,Rhythm,yùn lǜ gǎn,
,舞步,Dance steps,wǔ bù,
,舞感,dance sense,wǔ gǎn,
,攀岩,rock climbing,pānyán,
,徒手攀岩,Free climbing,tú shǒu pān yán,
,妻子、太太、老婆,"wife, lady, wife","qīzi, tàitai, lǎopó",
,丈夫、先生、老公,"husband, husband, husband","zhàngfu, xiānsheng, lǎogōng",
,夫妻,couple,fū qī,
,情侣,Couples,qínglǚ,还没结婚
03/03,受欢迎,popular,shòu huān yíng,
,难以预料,Unpredictable,nán yǐ yù liào,
,旧金山、三藩市,"San Francisco, San Francisco","jiùjīnshān, sānfānshì",
,流浪汉,tramp,liú làng hàn,
,吸毒,drug,xī dú,
,社区,Community,shè qū,
,毒品,poison,dú pǐn,
,肌肉,muscle,jī ròu,
,贵两倍,Twice as expensive,guì liǎng bèi,
,家庭,family,jiātíng,
,空间,space,kōng jiān,
,差别、差异,"Differences, differences","chā bié, chā yì",
,脖子,neck,bó zi,
,盖房子,Building a house,gài fáng zi,
,垃圾场,landfill,lā jī chǎng,
,烧,to burn,shāo,
,味道,smell,wèi dào,
,石油,oil,shíyóu,
,把浪板留在巴厘岛,Leave the surfboard in Bali,bǎ làng bǎn liú zài bā lí dǎo,
,进口能源,Imported energy,jìn kǒu néng yuán,
,害羞,shy,hàixiū,
04/28,作息,Daily Routine,zuò xī,
,效果,Effect,xiào guǒ,
,安全,Safety,ānquán,
,平静,calm,píng jìng,
,湿,wet,shī,
,机械式普拉提,Mechanical Pilates,jī xiè shì pǔ lā tí,
,发抖,trembling,fādǒu,
,激发肾上腺素,Stimulate adrenaline,jī fā shèn shàng xiàn sù,
,喧闹,noisy,xuān nào,
,打架,fight,dǎ jià,
,有精神,energetic,hǒu jīng shén,
,电解质,electrolytes,diàn jiě zhì,
,流   汗,Sweating,liú hàn,
,变热,Heat,biàn rè,
,温度变高,Temperature rise,wēndù biàn gāo,
,超过,Exceed,chāoguò,
,心肺功能,Cardiopulmonary function,xīn fèi gōng néng,
,燃烧卡路里,Burn calories,rán shāo kǎ lù lǐ,
,热量,Calories,rè liàng,
05/12,嗓子,voice,sǎngzi,
,过敏,allergy,guò mǐn,
,打喷嚏,sneeze,dǎ pēn tì,
,戴口罩,Wear a mask,dài kǒu zhào,
,污染,pollute,wū rǎn,
,严重,serious,yán zhòng,
,除了,Apart from,chú le,
,潮湿,damp,cháoshī,
,墨镜,sunglasses,mò jìng,
,在某个程度上,To some extent,zài mǒu gè chéng dù shàng,
,太夸张了,That's an exaggeration.,tài kuā zhāng le,
,评论,Comment,pínglùn,
,对你品头论足,Criticizing you,duì nǐ pǐn tóu lùn zú,
,遵守规则,Follow the rules,zūnshǒu guīzé,
,基督教,Christianity,jī dū jiào,
,回教,Islam,Huí jiào,
,关系紧张,tension in relationship,guān xì jǐn zhāng,
,福利,Welfare,fú lì,
,分裂,Split,fēn liè,
05/19,桑拿,sauna,sāng ná,
,放松,Relax,fàng sōng,
,人行道,sidewalk,rénxíngdào,
,连走路的空间都没有,There's not even room to walk.,lián zǒulù de kōngjiān dōu méiyǒu,
,连-----都+negative,Even ----- all + negative,lián... dōu...,
,连上楼的力气都没有,I don't even have the strength to go upstairs.,lián shàng lóu de lì qi dōu méi yǒu,
,连上楼都不行,Even going upstairs is not allowed.,lián shàng lóu dōu bùxíng,
,道地,Authentic,dào dì,
,建筑,architecture,jiànzhù,
,桌游,Board games,zhuō yóu,
,密室逃脱,Escape Room,mìshì táotuō,
,线索,clue,xiàn suǒ,
,主题,theme,zhǔ tí,
,可怕,horrible,kě pà,
,鬼屋,Haunted House,guǐ wū,
06/09,理财,Financial Management,lǐ cái,
,乐观,optimism,lè guān,
,享受当下,Enjoy the present moment,xiǎngshòudāngxià,
,居留证,Residence Permit,jūliúzhèng,
,部门,department,bùmén,
,提交申请,Submit an application,tíjiāo shēnqǐng,
,没有耐心,No patience,méiyǒu nàixīn,
,想象,Imagine,xiǎngxiàng,
,跟他吵架、打架,Arguing and fighting with him,"gēn tā chǎojià, dǎjià",
,头脑,mind,tóunǎo,
,下半輩子,The rest of my life,xiàbànbèizi,
,咬舌头,Biting tongue,yǎo shétou,
,最后 ,at last ,zuìhòu,
,一波浪,A wave,"=AI(""pinyin"")",
,太阳下山,The sun sets,tài yáng xià shān,
,情况,Condition,qíng kuàng,
06/30,婚礼,wedding,hūn lǐ,
,同时,at the same time,tóng shí,
,电风扇,electric fan,diàn fēng shàn,
,淹水,Flooding,yān shuǐ,
,巷子、小巷,"alley, lane","=AI(""pinyin"")",
,雨天、晴天、阴天,"Rainy day, sunny day, cloudy day","yǔtiān, qíngtiān, yīntiān",
,凶猛,ferocious,xiōngměng,
,珍惜,cherish,zhēnxī,
,又———又————,Again and again,yòu... yòu...,
,热带、温带,Tropical and temperate zones,"rèdài, wēndài",
,旧金山、三藩市,"San Francisco, San Francisco","jiùjīnshān, sānfānshì",
,很快就累（了）,I got tired very quickly.,hěn kuài jiù lèi (le),
,就 sooner/earlier than expected,sooner/earlier than expected,jiù,
,才 slower/later than expected,Only slower/later than expected,cái,
07/07,记,to remember,jì,
,背,to memorize,bèi,
,念出來,Read it aloud,niàn chūlái,
,猜,Guess,cāi,
,泡温泉,Soak in hot springs,"=AI(""pinyin"")",
,猴子 🐒,Monkey 🐒,hóuzi,
,信任,trust,xìnrèn,
,相信,believe,xiāngxìn,
,种类,type,zhǒnglèi,
,轻松,easy,qīngsōng,
,放松,Relax,fàngsōng,
,课表,curriculum,kèbiǎo,
,桑拿,sauna,sāngná,
,血液循环,blood circulation,xuè yè xún huán,
,降温,Cooling,jiàngwēn,
,借口,Excuse,"=AI(""pinyin"")",
,A没有B这么adj.,A is not as good as B (adjective).,A méiyǒu B zhème adj.,
07/14,重训,Retraining,zhòng xùn,
,植物奶,plant milk,"=AI(""pinyin"")",
,小区,residential area,xiǎo qū,
,地区,area,dì qū,
,社区,Community,shè qū,
,住宅区,Residential area,zhù zhái qū,
,换/变,Change/transformation,huàn / biàn,
,闭嘴,Shut up,bì zuǐ,
,接受,accept,jiē shòu,
,食品卫生,Food hygiene,shí pǐn wèi shēng,
,生鱼片,sashimi,shēng yú piàn,
,煮饭,Cooking rice,zhǔ fàn,
,没煮熟的,Undercooked,méi zhǔ shú de,
,自尊,self-esteem,zì zūn,
,青木瓜,green papaya,qīng mù guā,
,一串,a skewer,yī chuàn,
07/21,跑程式,Run program,pǎo chéng shì,
,打架,fight,dǎ jià,
,世界杯   ,World Cup,Shì jiè bēi,
,奖杯,Trophy,jiǎng bēi,
,球评,Sports commentator,qiú píng,
,友善,friendly,yǒu shàn,
,很戏剧化,Very dramatic,hěn xì jù huà,
,有很多戏剧,There are many dramas,yǒu hěn duō xì jù,
,支持,support,zhīchí,
,阿根廷,Argentina,Āgēntíng,
,犯规,foul,fàn guī,
,进球,Goal,jìn qiú,
,裁判,referee,cáipàn,
,偏心,eccentric,piān xīn,
,运动彩,Sports Lottery,yùn dòng cǎi,
,赌博,gamble,dǔbó,
,感觉,Feel,gǎnjué,
,一整场比赛,The whole game,yī zhěng chǎng bǐ sài,
07/28,摄影机、摄相机,"Camera, video camera","shèyǐngjī, shèxiàngjī",
,笔电,laptop,bǐdiàn,
,电商,e-commerce,diàn shāng,
,抱怨,complain,bàoyuàn,
08/18,受不了,I can't stand it,shòu bù liǎo,
,睡午觉,Taking a nap,shuì wǔ jiào,
,小睡一下,Take a nap,xiǎo shuì yī xià,
,表现,Performance,biǎo xiàn,
,步调,pace,bù diào,
,水性,Water-based,shuǐ xìng,
,平衡,balance,píng héng,
,专心,concentrate,zhuān xīn,
,焦虑,anxiety,jiāolǜ,
,不是。。。而已，还,"No... that's all, still","bùshì...éryǐ, hái",
,行程,journey,xíng chéng,
,影响,Influence,yǐngxiǎng,
,生意,Business,shēngyì,
,不确定这个生意能不能成功,It's uncertain whether this business will succeed.,bù què dìng zhè gè shēng yì néng bù néng chéng gōng,
,失败,fail,shī bài,
9.01,申请,Apply,shēn qǐng,
,永居,Permanent residence,yǒng jū,
,要求,Require,yāo qiú,
,国歌,National anthem,guó gē,
,面谈,Interview,miàn tán,
,爱国意识,Patriotism,ài guó yì shí,不是真的爱国
,状态不太紧张,Not too nervous,zhuàngtài bù tài jǐnzhāng,
,看不起,despise,kàn bù qǐ,
,晒太阳,Sunbathing,shài tài yáng,
,晒干,sun-dried,shài gān,
,的经济管理得不好,Poor economic management,de jīng jì guǎn lǐ de bù hǎo,
,印尼盾,Indonesian Rupiah,yìn ní dùn,
,打雷,thunder,dǎ léi,
,被雷打到,Struck by lightning,bèi léi dǎ dào,
,香蕉,banana,xiāng jiāo,
,生活作息,Daily routine,shēng huó zuò xī,
,收拾,tidy,shōushi,
,对我有帮助,Helpful to me,duì wǒ yǒu bāng zhù,
,最有可能的情况是,The most likely scenario is,zuì yǒu kě néng de qíng kuàng shì,
09/08,屏幕,Screen,píng mù,
,笔电,laptop,bǐ diàn,
,主机,host,zhǔ jī,
,下载,download,xiàzài,
,上载,Upload,shàng zài,
,技术,technology,jì shù,
,卡带槽,cassette slot,kǎ dài cáo,
,录音机,recorder,lù yīn jī,
,录像机,video recorder,lù xiàng jī,
,随身听,Walkman,suí shēn tīng,
,按钮,Button,àn niǔ,
,丢掉,Throw away,diū diào,
,升级,upgrade,shēng jí,
,碰,bump,pèng,
,连接,connect,lián jié,
,过边检,Going through border inspection,guò biān jiǎn,
,起飞,take off,qǐ fēi,
,降落,landing,jiàng luò,
,下降,decline,xià jiàng,
,航行中,During the voyage,háng xíng zhōng,
09/15,技巧,Skill,jì qiǎo,
,其中一个,One of them,qí zhōng yī gè,
,实际上,In fact,shí jì shàng,
,资源,resource,zī yuán,
,吓到,scared,xià dào,
,期望,expect,qī wàng,
,听得懂、听不懂,Can you understand it? Can you not understand it?,tīng de dǒng、tīng bù dǒng,
09/22,挑战极限,Pushing the limits,tiǎo zhàn jí xiàn,
,划水,paddling,huá shuǐ,
,脖子,neck,bó zi,
,僵硬,stiff,jiāng yìng,
,坐姿,Sitting posture,zuò zī,
,效果,Effect,xiào guǒ,
,垫子,mat,diàn zi,
,证照,Certificates,zhèng zhào,
,教练,coach,jiào liàn,
,私人土地,Private land,sī rén tǔ dì,
,弱肉强食,Survival of the fittest,ruò ròu qiáng shí,
,利用、占便宜,"Take advantage of, take advantage of","lìyòng, zhàn piányi",
,政治,politics,zhèng zhì,
,跟黑帮打交道,Dealing with gangs,gēn hēi bāng dǎ jiāo dào,
,打交道,Dealing with,dǎ jiāo dào,
,,#VALUE!,,
,,#VALUE!,,
,,#VALUE!,,
,,#VALUE!,,
,,#VALUE!,,
,,#VALUE!,,
,,#VALUE!,,
,,#VALUE!,,
,,#VALUE!,,
,,#VALUE!,,
,,#VALUE!,,
,,#VALUE!,,
,,#VALUE!,,